S1,Sample Start Date,Tracking Start Date,Tracking End Date
0,19940101,19940201,19940301
1,19940201,19940301,19940401
2,19940301,19940401,19940501
3,19940401,19940501,19940601
4,19940501,19940601,19940701
5,19940601,19940701,19940801
6,19940701,19940801,19940901
7,19940801,19940901,19941001
8,19940901,19941001,19941101
9,19941001,19941101,19941201
10,19941101,19941201,19950101
11,19941201,19950101,19950201
12,19950101,19950201,19950301
13,19950201,19950301,19950401
14,19950301,19950401,19950501
15,19950401,19950501,19950601
16,19950501,19950601,19950701
17,19950601,19950701,19950801
18,19950701,19950801,19950901
19,19950801,19950901,19951001
20,19950901,19951001,19951101
21,19951001,19951101,19951201
22,19951101,19951201,19960101
23,19951201,19960101,19960201
24,19960101,19960201,19960301
25,19960201,19960301,19960401
26,19960301,19960401,19960501
27,19960401,19960501,19960601
28,19960501,19960601,19960701
29,19960601,19960701,19960801
30,19960701,19960801,19960901
31,19960801,19960901,19961001
32,19960901,19961001,19961101
33,19961001,19961101,19961201
34,19961101,19961201,19970101
35,19961201,19970101,19970201
36,19970101,19970201,19970301
37,19970201,19970301,19970401
38,19970301,19970401,19970501
39,19970401,19970501,19970601
40,19970501,19970601,19970701
41,19970601,19970701,19970801
42,19970701,19970801,19970901
43,19970801,19970901,19971001
44,19970901,19971001,19971101
45,19971001,19971101,19971201
46,19971101,19971201,19980101
47,19971201,19980101,19980201
48,19980101,19980201,19980301
49,19980201,19980301,19980401
50,19980301,19980401,19980501
51,19980401,19980501,19980601
52,19980501,19980601,19980701
53,19980601,19980701,19980801
54,19980701,19980801,19980901
55,19980801,19980901,19981001
56,19980901,19981001,19981101
57,19981001,19981101,19981201
58,19981101,19981201,19990101
59,19981201,19990101,19990201
60,19990101,19990201,19990301
61,19990201,19990301,19990401
62,19990301,19990401,19990501
63,19990401,19990501,19990601
64,19990501,19990601,19990701
65,19990601,19990701,19990801
66,19990701,19990801,19990901
67,19990801,19990901,19991001
68,19990901,19991001,19991101
69,19991001,19991101,19991201
70,19991101,19991201,20000101
71,19991201,20000101,20000201
72,20000101,20000201,20000301
73,20000201,20000301,20000401
74,20000301,20000401,20000501
75,20000401,20000501,20000601
76,20000501,20000601,20000701
77,20000601,20000701,20000801
78,20000701,20000801,20000901
79,20000801,20000901,20001001
80,20000901,20001001,20001101
81,20001001,20001101,20001201
82,20001101,20001201,20010101
83,20001201,20010101,20010201
84,20010101,20010201,20010301
85,20010201,20010301,20010401
86,20010301,20010401,20010501
87,20010401,20010501,20010601
88,20010501,20010601,20010701
89,20010601,20010701,20010801
90,20010701,20010801,20010901
91,20010801,20010901,20011001
92,20010901,20011001,20011101
93,20011001,20011101,20011201
94,20011101,20011201,20020101
95,20011201,20020101,20020201
96,20020101,20020201,20020301
97,20020201,20020301,20020401
98,20020301,20020401,20020501
99,20020401,20020501,20020601
100,20020501,20020601,20020701
101,20020601,20020701,20020801
102,20020701,20020801,20020901
103,20020801,20020901,20021001
104,20020901,20021001,20021101
105,20021001,20021101,20021201
106,20021101,20021201,20030101
107,20021201,20030101,20030201
108,20030101,20030201,20030301
109,20030201,20030301,20030401
110,20030301,20030401,20030501
111,20030401,20030501,20030601
112,20030501,20030601,20030701
113,20030601,20030701,20030801
114,20030701,20030801,20030901
115,20030801,20030901,20031001
116,20030901,20031001,20031101
117,20031001,20031101,20031201
118,20031101,20031201,20040101
119,20031201,20040101,20040201
120,20040101,20040201,20040301
121,20040201,20040301,20040401
122,20040301,20040401,20040501
123,20040401,20040501,20040601
124,20040501,20040601,20040701
125,20040601,20040701,20040801
126,20040701,20040801,20040901
127,20040801,20040901,20041001
128,20040901,20041001,20041101
129,20041001,20041101,20041201
130,20041101,20041201,20050101
131,20041201,20050101,20050201
132,20050101,20050201,20050301
133,20050201,20050301,20050401
134,20050301,20050401,20050501
135,20050401,20050501,20050601
136,20050501,20050601,20050701
137,20050601,20050701,20050801
138,20050701,20050801,20050901
139,20050801,20050901,20051001
140,20050901,20051001,20051101
141,20051001,20051101,20051201
142,20051101,20051201,20060101
143,20051201,20060101,20060201
144,20060101,20060201,20060301
145,20060201,20060301,20060401
146,20060301,20060401,20060501
147,20060401,20060501,20060601
148,20060501,20060601,20060701
149,20060601,20060701,20060801
150,20060701,20060801,20060901
151,20060801,20060901,20061001
152,20060901,20061001,20061101
153,20061001,20061101,20061201
154,20061101,20061201,20070101
155,20061201,20070101,20070201
156,20070101,20070201,20070301
157,20070201,20070301,20070401
158,20070301,20070401,20070501
159,20070401,20070501,20070601
160,20070501,20070601,20070701
161,20070601,20070701,20070801
162,20070701,20070801,20070901
163,20070801,20070901,20071001
164,20070901,20071001,20071101
165,20071001,20071101,20071201
166,20071101,20071201,20080101
167,20071201,20080101,20080201
168,20080101,20080201,20080301
169,20080201,20080301,20080401
170,20080301,20080401,20080501
171,20080401,20080501,20080601
172,20080501,20080601,20080701
173,20080601,20080701,20080801
174,20080701,20080801,20080901
175,20080801,20080901,20081001
176,20080901,20081001,20081101
177,20081001,20081101,20081201
178,20081101,20081201,20090101
179,20081201,20090101,20090201
180,20090101,20090201,20090301
181,20090201,20090301,20090401
182,20090301,20090401,20090501
183,20090401,20090501,20090601
184,20090501,20090601,20090701
185,20090601,20090701,20090801
186,20090701,20090801,20090901
187,20090801,20090901,20091001
188,20090901,20091001,20091101
189,20091001,20091101,20091201
190,20091101,20091201,20100101
191,20091201,20100101,20100201
192,20100101,20100201,20100301
193,20100201,20100301,20100401
194,20100301,20100401,20100501
195,20100401,20100501,20100601
196,20100501,20100601,20100701
197,20100601,20100701,20100801
198,20100701,20100801,20100901
199,20100801,20100901,20101001
200,20100901,20101001,20101101
201,20101001,20101101,20101201
202,20101101,20101201,20110101
203,20101201,20110101,20110201
204,20110101,20110201,20110301
205,20110201,20110301,20110401
206,20110301,20110401,20110501
207,20110401,20110501,20110601
208,20110501,20110601,20110701
209,20110601,20110701,20110801
210,20110701,20110801,20110901
211,20110801,20110901,20111001
212,20110901,20111001,20111101
213,20111001,20111101,20111201
214,20111101,20111201,20120101
215,20111201,20120101,20120201
216,20120101,20120201,20120301
217,20120201,20120301,20120401
218,20120301,20120401,20120501
219,20120401,20120501,20120601
220,20120501,20120601,20120701
221,20120601,20120701,20120801
222,20120701,20120801,20120901
223,20120801,20120901,20121001
224,20120901,20121001,20121101
225,20121001,20121101,20121201
226,20121101,20121201,20130101
227,20121201,20130101,20130201
228,20130101,20130201,20130301
229,20130201,20130301,20130401
230,20130301,20130401,20130501
231,20130401,20130501,20130601
232,20130501,20130601,20130701
233,20130601,20130701,20130801
234,20130701,20130801,20130901
235,20130801,20130901,20131001
236,20130901,20131001,20131101
237,20131001,20131101,20131201
238,20131101,20131201,20140101
239,20131201,20140101,20140201
240,20140101,20140201,20140301
241,20140201,20140301,20140401
242,20140301,20140401,20140501
243,20140401,20140501,20140601
244,20140501,20140601,20140701
245,20140601,20140701,20140801
246,20140701,20140801,20140901
247,20140801,20140901,20141001
248,20140901,20141001,20141101
249,20141001,20141101,20141201
250,20141101,20141201,20150101
251,20141201,20150101,20150201
252,20150101,20150201,20150301
253,20150201,20150301,20150401
254,20150301,20150401,20150501
255,20150401,20150501,20150601
256,20150501,20150601,20150701
257,20150601,20150701,20150801
258,20150701,20150801,20150901
259,20150801,20150901,20151001
260,20150901,20151001,20151101
261,20151001,20151101,20151201
262,20151101,20151201,20160101
S2,Sample Start Date,Tracking Start Date,Tracking End Date
0,19940101,19940301,19940401
1,19940201,19940401,19940501
2,19940301,19940501,19940601
3,19940401,19940601,19940701
4,19940501,19940701,19940801
5,19940601,19940801,19940901
6,19940701,19940901,19941001
7,19940801,19941001,19941101
8,19940901,19941101,19941201
9,19941001,19941201,19950101
10,19941101,19950101,19950201
11,19941201,19950201,19950301
12,19950101,19950301,19950401
13,19950201,19950401,19950501
14,19950301,19950501,19950601
15,19950401,19950601,19950701
16,19950501,19950701,19950801
17,19950601,19950801,19950901
18,19950701,19950901,19951001
19,19950801,19951001,19951101
20,19950901,19951101,19951201
21,19951001,19951201,19960101
22,19951101,19960101,19960201
23,19951201,19960201,19960301
24,19960101,19960301,19960401
25,19960201,19960401,19960501
26,19960301,19960501,19960601
27,19960401,19960601,19960701
28,19960501,19960701,19960801
29,19960601,19960801,19960901
30,19960701,19960901,19961001
31,19960801,19961001,19961101
32,19960901,19961101,19961201
33,19961001,19961201,19970101
34,19961101,19970101,19970201
35,19961201,19970201,19970301
36,19970101,19970301,19970401
37,19970201,19970401,19970501
38,19970301,19970501,19970601
39,19970401,19970601,19970701
40,19970501,19970701,19970801
41,19970601,19970801,19970901
42,19970701,19970901,19971001
43,19970801,19971001,19971101
44,19970901,19971101,19971201
45,19971001,19971201,19980101
46,19971101,19980101,19980201
47,19971201,19980201,19980301
48,19980101,19980301,19980401
49,19980201,19980401,19980501
50,19980301,19980501,19980601
51,19980401,19980601,19980701
52,19980501,19980701,19980801
53,19980601,19980801,19980901
54,19980701,19980901,19981001
55,19980801,19981001,19981101
56,19980901,19981101,19981201
57,19981001,19981201,19990101
58,19981101,19990101,19990201
59,19981201,19990201,19990301
60,19990101,19990301,19990401
61,19990201,19990401,19990501
62,19990301,19990501,19990601
63,19990401,19990601,19990701
64,19990501,19990701,19990801
65,19990601,19990801,19990901
66,19990701,19990901,19991001
67,19990801,19991001,19991101
68,19990901,19991101,19991201
69,19991001,19991201,20000101
70,19991101,20000101,20000201
71,19991201,20000201,20000301
72,20000101,20000301,20000401
73,20000201,20000401,20000501
74,20000301,20000501,20000601
75,20000401,20000601,20000701
76,20000501,20000701,20000801
77,20000601,20000801,20000901
78,20000701,20000901,20001001
79,20000801,20001001,20001101
80,20000901,20001101,20001201
81,20001001,20001201,20010101
82,20001101,20010101,20010201
83,20001201,20010201,20010301
84,20010101,20010301,20010401
85,20010201,20010401,20010501
86,20010301,20010501,20010601
87,20010401,20010601,20010701
88,20010501,20010701,20010801
89,20010601,20010801,20010901
90,20010701,20010901,20011001
91,20010801,20011001,20011101
92,20010901,20011101,20011201
93,20011001,20011201,20020101
94,20011101,20020101,20020201
95,20011201,20020201,20020301
96,20020101,20020301,20020401
97,20020201,20020401,20020501
98,20020301,20020501,20020601
99,20020401,20020601,20020701
100,20020501,20020701,20020801
101,20020601,20020801,20020901
102,20020701,20020901,20021001
103,20020801,20021001,20021101
104,20020901,20021101,20021201
105,20021001,20021201,20030101
106,20021101,20030101,20030201
107,20021201,20030201,20030301
108,20030101,20030301,20030401
109,20030201,20030401,20030501
110,20030301,20030501,20030601
111,20030401,20030601,20030701
112,20030501,20030701,20030801
113,20030601,20030801,20030901
114,20030701,20030901,20031001
115,20030801,20031001,20031101
116,20030901,20031101,20031201
117,20031001,20031201,20040101
118,20031101,20040101,20040201
119,20031201,20040201,20040301
120,20040101,20040301,20040401
121,20040201,20040401,20040501
122,20040301,20040501,20040601
123,20040401,20040601,20040701
124,20040501,20040701,20040801
125,20040601,20040801,20040901
126,20040701,20040901,20041001
127,20040801,20041001,20041101
128,20040901,20041101,20041201
129,20041001,20041201,20050101
130,20041101,20050101,20050201
131,20041201,20050201,20050301
132,20050101,20050301,20050401
133,20050201,20050401,20050501
134,20050301,20050501,20050601
135,20050401,20050601,20050701
136,20050501,20050701,20050801
137,20050601,20050801,20050901
138,20050701,20050901,20051001
139,20050801,20051001,20051101
140,20050901,20051101,20051201
141,20051001,20051201,20060101
142,20051101,20060101,20060201
143,20051201,20060201,20060301
144,20060101,20060301,20060401
145,20060201,20060401,20060501
146,20060301,20060501,20060601
147,20060401,20060601,20060701
148,20060501,20060701,20060801
149,20060601,20060801,20060901
150,20060701,20060901,20061001
151,20060801,20061001,20061101
152,20060901,20061101,20061201
153,20061001,20061201,20070101
154,20061101,20070101,20070201
155,20061201,20070201,20070301
156,20070101,20070301,20070401
157,20070201,20070401,20070501
158,20070301,20070501,20070601
159,20070401,20070601,20070701
160,20070501,20070701,20070801
161,20070601,20070801,20070901
162,20070701,20070901,20071001
163,20070801,20071001,20071101
164,20070901,20071101,20071201
165,20071001,20071201,20080101
166,20071101,20080101,20080201
167,20071201,20080201,20080301
168,20080101,20080301,20080401
169,20080201,20080401,20080501
170,20080301,20080501,20080601
171,20080401,20080601,20080701
172,20080501,20080701,20080801
173,20080601,20080801,20080901
174,20080701,20080901,20081001
175,20080801,20081001,20081101
176,20080901,20081101,20081201
177,20081001,20081201,20090101
178,20081101,20090101,20090201
179,20081201,20090201,20090301
180,20090101,20090301,20090401
181,20090201,20090401,20090501
182,20090301,20090501,20090601
183,20090401,20090601,20090701
184,20090501,20090701,20090801
185,20090601,20090801,20090901
186,20090701,20090901,20091001
187,20090801,20091001,20091101
188,20090901,20091101,20091201
189,20091001,20091201,20100101
190,20091101,20100101,20100201
191,20091201,20100201,20100301
192,20100101,20100301,20100401
193,20100201,20100401,20100501
194,20100301,20100501,20100601
195,20100401,20100601,20100701
196,20100501,20100701,20100801
197,20100601,20100801,20100901
198,20100701,20100901,20101001
199,20100801,20101001,20101101
200,20100901,20101101,20101201
201,20101001,20101201,20110101
202,20101101,20110101,20110201
203,20101201,20110201,20110301
204,20110101,20110301,20110401
205,20110201,20110401,20110501
206,20110301,20110501,20110601
207,20110401,20110601,20110701
208,20110501,20110701,20110801
209,20110601,20110801,20110901
210,20110701,20110901,20111001
211,20110801,20111001,20111101
212,20110901,20111101,20111201
213,20111001,20111201,20120101
214,20111101,20120101,20120201
215,20111201,20120201,20120301
216,20120101,20120301,20120401
217,20120201,20120401,20120501
218,20120301,20120501,20120601
219,20120401,20120601,20120701
220,20120501,20120701,20120801
221,20120601,20120801,20120901
222,20120701,20120901,20121001
223,20120801,20121001,20121101
224,20120901,20121101,20121201
225,20121001,20121201,20130101
226,20121101,20130101,20130201
227,20121201,20130201,20130301
228,20130101,20130301,20130401
229,20130201,20130401,20130501
230,20130301,20130501,20130601
231,20130401,20130601,20130701
232,20130501,20130701,20130801
233,20130601,20130801,20130901
234,20130701,20130901,20131001
235,20130801,20131001,20131101
236,20130901,20131101,20131201
237,20131001,20131201,20140101
238,20131101,20140101,20140201
239,20131201,20140201,20140301
240,20140101,20140301,20140401
241,20140201,20140401,20140501
242,20140301,20140501,20140601
243,20140401,20140601,20140701
244,20140501,20140701,20140801
245,20140601,20140801,20140901
246,20140701,20140901,20141001
247,20140801,20141001,20141101
248,20140901,20141101,20141201
249,20141001,20141201,20150101
250,20141101,20150101,20150201
251,20141201,20150201,20150301
252,20150101,20150301,20150401
253,20150201,20150401,20150501
254,20150301,20150501,20150601
255,20150401,20150601,20150701
256,20150501,20150701,20150801
257,20150601,20150801,20150901
258,20150701,20150901,20151001
259,20150801,20151001,20151101
260,20150901,20151101,20151201
261,20151001,20151201,20160101
S3,Sample Start Date,Tracking Start Date,Tracking End Date
0,19940101,19940401,19940501
1,19940201,19940501,19940601
2,19940301,19940601,19940701
3,19940401,19940701,19940801
4,19940501,19940801,19940901
5,19940601,19940901,19941001
6,19940701,19941001,19941101
7,19940801,19941101,19941201
8,19940901,19941201,19950101
9,19941001,19950101,19950201
10,19941101,19950201,19950301
11,19941201,19950301,19950401
12,19950101,19950401,19950501
13,19950201,19950501,19950601
14,19950301,19950601,19950701
15,19950401,19950701,19950801
16,19950501,19950801,19950901
17,19950601,19950901,19951001
18,19950701,19951001,19951101
19,19950801,19951101,19951201
20,19950901,19951201,19960101
21,19951001,19960101,19960201
22,19951101,19960201,19960301
23,19951201,19960301,19960401
24,19960101,19960401,19960501
25,19960201,19960501,19960601
26,19960301,19960601,19960701
27,19960401,19960701,19960801
28,19960501,19960801,19960901
29,19960601,19960901,19961001
30,19960701,19961001,19961101
31,19960801,19961101,19961201
32,19960901,19961201,19970101
33,19961001,19970101,19970201
34,19961101,19970201,19970301
35,19961201,19970301,19970401
36,19970101,19970401,19970501
37,19970201,19970501,19970601
38,19970301,19970601,19970701
39,19970401,19970701,19970801
40,19970501,19970801,19970901
41,19970601,19970901,19971001
42,19970701,19971001,19971101
43,19970801,19971101,19971201
44,19970901,19971201,19980101
45,19971001,19980101,19980201
46,19971101,19980201,19980301
47,19971201,19980301,19980401
48,19980101,19980401,19980501
49,19980201,19980501,19980601
50,19980301,19980601,19980701
51,19980401,19980701,19980801
52,19980501,19980801,19980901
53,19980601,19980901,19981001
54,19980701,19981001,19981101
55,19980801,19981101,19981201
56,19980901,19981201,19990101
57,19981001,19990101,19990201
58,19981101,19990201,19990301
59,19981201,19990301,19990401
60,19990101,19990401,19990501
61,19990201,19990501,19990601
62,19990301,19990601,19990701
63,19990401,19990701,19990801
64,19990501,19990801,19990901
65,19990601,19990901,19991001
66,19990701,19991001,19991101
67,19990801,19991101,19991201
68,19990901,19991201,20000101
69,19991001,20000101,20000201
70,19991101,20000201,20000301
71,19991201,20000301,20000401
72,20000101,20000401,20000501
73,20000201,20000501,20000601
74,20000301,20000601,20000701
75,20000401,20000701,20000801
76,20000501,20000801,20000901
77,20000601,20000901,20001001
78,20000701,20001001,20001101
79,20000801,20001101,20001201
80,20000901,20001201,20010101
81,20001001,20010101,20010201
82,20001101,20010201,20010301
83,20001201,20010301,20010401
84,20010101,20010401,20010501
85,20010201,20010501,20010601
86,20010301,20010601,20010701
87,20010401,20010701,20010801
88,20010501,20010801,20010901
89,20010601,20010901,20011001
90,20010701,20011001,20011101
91,20010801,20011101,20011201
92,20010901,20011201,20020101
93,20011001,20020101,20020201
94,20011101,20020201,20020301
95,20011201,20020301,20020401
96,20020101,20020401,20020501
97,20020201,20020501,20020601
98,20020301,20020601,20020701
99,20020401,20020701,20020801
100,20020501,20020801,20020901
101,20020601,20020901,20021001
102,20020701,20021001,20021101
103,20020801,20021101,20021201
104,20020901,20021201,20030101
105,20021001,20030101,20030201
106,20021101,20030201,20030301
107,20021201,20030301,20030401
108,20030101,20030401,20030501
109,20030201,20030501,20030601
110,20030301,20030601,20030701
111,20030401,20030701,20030801
112,20030501,20030801,20030901
113,20030601,20030901,20031001
114,20030701,20031001,20031101
115,20030801,20031101,20031201
116,20030901,20031201,20040101
117,20031001,20040101,20040201
118,20031101,20040201,20040301
119,20031201,20040301,20040401
120,20040101,20040401,20040501
121,20040201,20040501,20040601
122,20040301,20040601,20040701
123,20040401,20040701,20040801
124,20040501,20040801,20040901
125,20040601,20040901,20041001
126,20040701,20041001,20041101
127,20040801,20041101,20041201
128,20040901,20041201,20050101
129,20041001,20050101,20050201
130,20041101,20050201,20050301
131,20041201,20050301,20050401
132,20050101,20050401,20050501
133,20050201,20050501,20050601
134,20050301,20050601,20050701
135,20050401,20050701,20050801
136,20050501,20050801,20050901
137,20050601,20050901,20051001
138,20050701,20051001,20051101
139,20050801,20051101,20051201
140,20050901,20051201,20060101
141,20051001,20060101,20060201
142,20051101,20060201,20060301
143,20051201,20060301,20060401
144,20060101,20060401,20060501
145,20060201,20060501,20060601
146,20060301,20060601,20060701
147,20060401,20060701,20060801
148,20060501,20060801,20060901
149,20060601,20060901,20061001
150,20060701,20061001,20061101
151,20060801,20061101,20061201
152,20060901,20061201,20070101
153,20061001,20070101,20070201
154,20061101,20070201,20070301
155,20061201,20070301,20070401
156,20070101,20070401,20070501
157,20070201,20070501,20070601
158,20070301,20070601,20070701
159,20070401,20070701,20070801
160,20070501,20070801,20070901
161,20070601,20070901,20071001
162,20070701,20071001,20071101
163,20070801,20071101,20071201
164,20070901,20071201,20080101
165,20071001,20080101,20080201
166,20071101,20080201,20080301
167,20071201,20080301,20080401
168,20080101,20080401,20080501
169,20080201,20080501,20080601
170,20080301,20080601,20080701
171,20080401,20080701,20080801
172,20080501,20080801,20080901
173,20080601,20080901,20081001
174,20080701,20081001,20081101
175,20080801,20081101,20081201
176,20080901,20081201,20090101
177,20081001,20090101,20090201
178,20081101,20090201,20090301
179,20081201,20090301,20090401
180,20090101,20090401,20090501
181,20090201,20090501,20090601
182,20090301,20090601,20090701
183,20090401,20090701,20090801
184,20090501,20090801,20090901
185,20090601,20090901,20091001
186,20090701,20091001,20091101
187,20090801,20091101,20091201
188,20090901,20091201,20100101
189,20091001,20100101,20100201
190,20091101,20100201,20100301
191,20091201,20100301,20100401
192,20100101,20100401,20100501
193,20100201,20100501,20100601
194,20100301,20100601,20100701
195,20100401,20100701,20100801
196,20100501,20100801,20100901
197,20100601,20100901,20101001
198,20100701,20101001,20101101
199,20100801,20101101,20101201
200,20100901,20101201,20110101
201,20101001,20110101,20110201
202,20101101,20110201,20110301
203,20101201,20110301,20110401
204,20110101,20110401,20110501
205,20110201,20110501,20110601
206,20110301,20110601,20110701
207,20110401,20110701,20110801
208,20110501,20110801,20110901
209,20110601,20110901,20111001
210,20110701,20111001,20111101
211,20110801,20111101,20111201
212,20110901,20111201,20120101
213,20111001,20120101,20120201
214,20111101,20120201,20120301
215,20111201,20120301,20120401
216,20120101,20120401,20120501
217,20120201,20120501,20120601
218,20120301,20120601,20120701
219,20120401,20120701,20120801
220,20120501,20120801,20120901
221,20120601,20120901,20121001
222,20120701,20121001,20121101
223,20120801,20121101,20121201
224,20120901,20121201,20130101
225,20121001,20130101,20130201
226,20121101,20130201,20130301
227,20121201,20130301,20130401
228,20130101,20130401,20130501
229,20130201,20130501,20130601
230,20130301,20130601,20130701
231,20130401,20130701,20130801
232,20130501,20130801,20130901
233,20130601,20130901,20131001
234,20130701,20131001,20131101
235,20130801,20131101,20131201
236,20130901,20131201,20140101
237,20131001,20140101,20140201
238,20131101,20140201,20140301
239,20131201,20140301,20140401
240,20140101,20140401,20140501
241,20140201,20140501,20140601
242,20140301,20140601,20140701
243,20140401,20140701,20140801
244,20140501,20140801,20140901
245,20140601,20140901,20141001
246,20140701,20141001,20141101
247,20140801,20141101,20141201
248,20140901,20141201,20150101
249,20141001,20150101,20150201
250,20141101,20150201,20150301
251,20141201,20150301,20150401
252,20150101,20150401,20150501
253,20150201,20150501,20150601
254,20150301,20150601,20150701
255,20150401,20150701,20150801
256,20150501,20150801,20150901
257,20150601,20150901,20151001
258,20150701,20151001,20151101
259,20150801,20151101,20151201
260,20150901,20151201,20160101
S4,Sample Start Date,Tracking Start Date,Tracking End Date
0,19940101,19940501,19940601
1,19940201,19940601,19940701
2,19940301,19940701,19940801
3,19940401,19940801,19940901
4,19940501,19940901,19941001
5,19940601,19941001,19941101
6,19940701,19941101,19941201
7,19940801,19941201,19950101
8,19940901,19950101,19950201
9,19941001,19950201,19950301
10,19941101,19950301,19950401
11,19941201,19950401,19950501
12,19950101,19950501,19950601
13,19950201,19950601,19950701
14,19950301,19950701,19950801
15,19950401,19950801,19950901
16,19950501,19950901,19951001
17,19950601,19951001,19951101
18,19950701,19951101,19951201
19,19950801,19951201,19960101
20,19950901,19960101,19960201
21,19951001,19960201,19960301
22,19951101,19960301,19960401
23,19951201,19960401,19960501
24,19960101,19960501,19960601
25,19960201,19960601,19960701
26,19960301,19960701,19960801
27,19960401,19960801,19960901
28,19960501,19960901,19961001
29,19960601,19961001,19961101
30,19960701,19961101,19961201
31,19960801,19961201,19970101
32,19960901,19970101,19970201
33,19961001,19970201,19970301
34,19961101,19970301,19970401
35,19961201,19970401,19970501
36,19970101,19970501,19970601
37,19970201,19970601,19970701
38,19970301,19970701,19970801
39,19970401,19970801,19970901
40,19970501,19970901,19971001
41,19970601,19971001,19971101
42,19970701,19971101,19971201
43,19970801,19971201,19980101
44,19970901,19980101,19980201
45,19971001,19980201,19980301
46,19971101,19980301,19980401
47,19971201,19980401,19980501
48,19980101,19980501,19980601
49,19980201,19980601,19980701
50,19980301,19980701,19980801
51,19980401,19980801,19980901
52,19980501,19980901,19981001
53,19980601,19981001,19981101
54,19980701,19981101,19981201
55,19980801,19981201,19990101
56,19980901,19990101,19990201
57,19981001,19990201,19990301
58,19981101,19990301,19990401
59,19981201,19990401,19990501
60,19990101,19990501,19990601
61,19990201,19990601,19990701
62,19990301,19990701,19990801
63,19990401,19990801,19990901
64,19990501,19990901,19991001
65,19990601,19991001,19991101
66,19990701,19991101,19991201
67,19990801,19991201,20000101
68,19990901,20000101,20000201
69,19991001,20000201,20000301
70,19991101,20000301,20000401
71,19991201,20000401,20000501
72,20000101,20000501,20000601
73,20000201,20000601,20000701
74,20000301,20000701,20000801
75,20000401,20000801,20000901
76,20000501,20000901,20001001
77,20000601,20001001,20001101
78,20000701,20001101,20001201
79,20000801,20001201,20010101
80,20000901,20010101,20010201
81,20001001,20010201,20010301
82,20001101,20010301,20010401
83,20001201,20010401,20010501
84,20010101,20010501,20010601
85,20010201,20010601,20010701
86,20010301,20010701,20010801
87,20010401,20010801,20010901
88,20010501,20010901,20011001
89,20010601,20011001,20011101
90,20010701,20011101,20011201
91,20010801,20011201,20020101
92,20010901,20020101,20020201
93,20011001,20020201,20020301
94,20011101,20020301,20020401
95,20011201,20020401,20020501
96,20020101,20020501,20020601
97,20020201,20020601,20020701
98,20020301,20020701,20020801
99,20020401,20020801,20020901
100,20020501,20020901,20021001
101,20020601,20021001,20021101
102,20020701,20021101,20021201
103,20020801,20021201,20030101
104,20020901,20030101,20030201
105,20021001,20030201,20030301
106,20021101,20030301,20030401
107,20021201,20030401,20030501
108,20030101,20030501,20030601
109,20030201,20030601,20030701
110,20030301,20030701,20030801
111,20030401,20030801,20030901
112,20030501,20030901,20031001
113,20030601,20031001,20031101
114,20030701,20031101,20031201
115,20030801,20031201,20040101
116,20030901,20040101,20040201
117,20031001,20040201,20040301
118,20031101,20040301,20040401
119,20031201,20040401,20040501
120,20040101,20040501,20040601
121,20040201,20040601,20040701
122,20040301,20040701,20040801
123,20040401,20040801,20040901
124,20040501,20040901,20041001
125,20040601,20041001,20041101
126,20040701,20041101,20041201
127,20040801,20041201,20050101
128,20040901,20050101,20050201
129,20041001,20050201,20050301
130,20041101,20050301,20050401
131,20041201,20050401,20050501
132,20050101,20050501,20050601
133,20050201,20050601,20050701
134,20050301,20050701,20050801
135,20050401,20050801,20050901
136,20050501,20050901,20051001
137,20050601,20051001,20051101
138,20050701,20051101,20051201
139,20050801,20051201,20060101
140,20050901,20060101,20060201
141,20051001,20060201,20060301
142,20051101,20060301,20060401
143,20051201,20060401,20060501
144,20060101,20060501,20060601
145,20060201,20060601,20060701
146,20060301,20060701,20060801
147,20060401,20060801,20060901
148,20060501,20060901,20061001
149,20060601,20061001,20061101
150,20060701,20061101,20061201
151,20060801,20061201,20070101
152,20060901,20070101,20070201
153,20061001,20070201,20070301
154,20061101,20070301,20070401
155,20061201,20070401,20070501
156,20070101,20070501,20070601
157,20070201,20070601,20070701
158,20070301,20070701,20070801
159,20070401,20070801,20070901
160,20070501,20070901,20071001
161,20070601,20071001,20071101
162,20070701,20071101,20071201
163,20070801,20071201,20080101
164,20070901,20080101,20080201
165,20071001,20080201,20080301
166,20071101,20080301,20080401
167,20071201,20080401,20080501
168,20080101,20080501,20080601
169,20080201,20080601,20080701
170,20080301,20080701,20080801
171,20080401,20080801,20080901
172,20080501,20080901,20081001
173,20080601,20081001,20081101
174,20080701,20081101,20081201
175,20080801,20081201,20090101
176,20080901,20090101,20090201
177,20081001,20090201,20090301
178,20081101,20090301,20090401
179,20081201,20090401,20090501
180,20090101,20090501,20090601
181,20090201,20090601,20090701
182,20090301,20090701,20090801
183,20090401,20090801,20090901
184,20090501,20090901,20091001
185,20090601,20091001,20091101
186,20090701,20091101,20091201
187,20090801,20091201,20100101
188,20090901,20100101,20100201
189,20091001,20100201,20100301
190,20091101,20100301,20100401
191,20091201,20100401,20100501
192,20100101,20100501,20100601
193,20100201,20100601,20100701
194,20100301,20100701,20100801
195,20100401,20100801,20100901
196,20100501,20100901,20101001
197,20100601,20101001,20101101
198,20100701,20101101,20101201
199,20100801,20101201,20110101
200,20100901,20110101,20110201
201,20101001,20110201,20110301
202,20101101,20110301,20110401
203,20101201,20110401,20110501
204,20110101,20110501,20110601
205,20110201,20110601,20110701
206,20110301,20110701,20110801
207,20110401,20110801,20110901
208,20110501,20110901,20111001
209,20110601,20111001,20111101
210,20110701,20111101,20111201
211,20110801,20111201,20120101
212,20110901,20120101,20120201
213,20111001,20120201,20120301
214,20111101,20120301,20120401
215,20111201,20120401,20120501
216,20120101,20120501,20120601
217,20120201,20120601,20120701
218,20120301,20120701,20120801
219,20120401,20120801,20120901
220,20120501,20120901,20121001
221,20120601,20121001,20121101
222,20120701,20121101,20121201
223,20120801,20121201,20130101
224,20120901,20130101,20130201
225,20121001,20130201,20130301
226,20121101,20130301,20130401
227,20121201,20130401,20130501
228,20130101,20130501,20130601
229,20130201,20130601,20130701
230,20130301,20130701,20130801
231,20130401,20130801,20130901
232,20130501,20130901,20131001
233,20130601,20131001,20131101
234,20130701,20131101,20131201
235,20130801,20131201,20140101
236,20130901,20140101,20140201
237,20131001,20140201,20140301
238,20131101,20140301,20140401
239,20131201,20140401,20140501
240,20140101,20140501,20140601
241,20140201,20140601,20140701
242,20140301,20140701,20140801
243,20140401,20140801,20140901
244,20140501,20140901,20141001
245,20140601,20141001,20141101
246,20140701,20141101,20141201
247,20140801,20141201,20150101
248,20140901,20150101,20150201
249,20141001,20150201,20150301
250,20141101,20150301,20150401
251,20141201,20150401,20150501
252,20150101,20150501,20150601
253,20150201,20150601,20150701
254,20150301,20150701,20150801
255,20150401,20150801,20150901
256,20150501,20150901,20151001
257,20150601,20151001,20151101
258,20150701,20151101,20151201
259,20150801,20151201,20160101
S5,Sample Start Date,Tracking Start Date,Tracking End Date
0,19940101,19940601,19940701
1,19940201,19940701,19940801
2,19940301,19940801,19940901
3,19940401,19940901,19941001
4,19940501,19941001,19941101
5,19940601,19941101,19941201
6,19940701,19941201,19950101
7,19940801,19950101,19950201
8,19940901,19950201,19950301
9,19941001,19950301,19950401
10,19941101,19950401,19950501
11,19941201,19950501,19950601
12,19950101,19950601,19950701
13,19950201,19950701,19950801
14,19950301,19950801,19950901
15,19950401,19950901,19951001
16,19950501,19951001,19951101
17,19950601,19951101,19951201
18,19950701,19951201,19960101
19,19950801,19960101,19960201
20,19950901,19960201,19960301
21,19951001,19960301,19960401
22,19951101,19960401,19960501
23,19951201,19960501,19960601
24,19960101,19960601,19960701
25,19960201,19960701,19960801
26,19960301,19960801,19960901
27,19960401,19960901,19961001
28,19960501,19961001,19961101
29,19960601,19961101,19961201
30,19960701,19961201,19970101
31,19960801,19970101,19970201
32,19960901,19970201,19970301
33,19961001,19970301,19970401
34,19961101,19970401,19970501
35,19961201,19970501,19970601
36,19970101,19970601,19970701
37,19970201,19970701,19970801
38,19970301,19970801,19970901
39,19970401,19970901,19971001
40,19970501,19971001,19971101
41,19970601,19971101,19971201
42,19970701,19971201,19980101
43,19970801,19980101,19980201
44,19970901,19980201,19980301
45,19971001,19980301,19980401
46,19971101,19980401,19980501
47,19971201,19980501,19980601
48,19980101,19980601,19980701
49,19980201,19980701,19980801
50,19980301,19980801,19980901
51,19980401,19980901,19981001
52,19980501,19981001,19981101
53,19980601,19981101,19981201
54,19980701,19981201,19990101
55,19980801,19990101,19990201
56,19980901,19990201,19990301
57,19981001,19990301,19990401
58,19981101,19990401,19990501
59,19981201,19990501,19990601
60,19990101,19990601,19990701
61,19990201,19990701,19990801
62,19990301,19990801,19990901
63,19990401,19990901,19991001
64,19990501,19991001,19991101
65,19990601,19991101,19991201
66,19990701,19991201,20000101
67,19990801,20000101,20000201
68,19990901,20000201,20000301
69,19991001,20000301,20000401
70,19991101,20000401,20000501
71,19991201,20000501,20000601
72,20000101,20000601,20000701
73,20000201,20000701,20000801
74,20000301,20000801,20000901
75,20000401,20000901,20001001
76,20000501,20001001,20001101
77,20000601,20001101,20001201
78,20000701,20001201,20010101
79,20000801,20010101,20010201
80,20000901,20010201,20010301
81,20001001,20010301,20010401
82,20001101,20010401,20010501
83,20001201,20010501,20010601
84,20010101,20010601,20010701
85,20010201,20010701,20010801
86,20010301,20010801,20010901
87,20010401,20010901,20011001
88,20010501,20011001,20011101
89,20010601,20011101,20011201
90,20010701,20011201,20020101
91,20010801,20020101,20020201
92,20010901,20020201,20020301
93,20011001,20020301,20020401
94,20011101,20020401,20020501
95,20011201,20020501,20020601
96,20020101,20020601,20020701
97,20020201,20020701,20020801
98,20020301,20020801,20020901
99,20020401,20020901,20021001
100,20020501,20021001,20021101
101,20020601,20021101,20021201
102,20020701,20021201,20030101
103,20020801,20030101,20030201
104,20020901,20030201,20030301
105,20021001,20030301,20030401
106,20021101,20030401,20030501
107,20021201,20030501,20030601
108,20030101,20030601,20030701
109,20030201,20030701,20030801
110,20030301,20030801,20030901
111,20030401,20030901,20031001
112,20030501,20031001,20031101
113,20030601,20031101,20031201
114,20030701,20031201,20040101
115,20030801,20040101,20040201
116,20030901,20040201,20040301
117,20031001,20040301,20040401
118,20031101,20040401,20040501
119,20031201,20040501,20040601
120,20040101,20040601,20040701
121,20040201,20040701,20040801
122,20040301,20040801,20040901
123,20040401,20040901,20041001
124,20040501,20041001,20041101
125,20040601,20041101,20041201
126,20040701,20041201,20050101
127,20040801,20050101,20050201
128,20040901,20050201,20050301
129,20041001,20050301,20050401
130,20041101,20050401,20050501
131,20041201,20050501,20050601
132,20050101,20050601,20050701
133,20050201,20050701,20050801
134,20050301,20050801,20050901
135,20050401,20050901,20051001
136,20050501,20051001,20051101
137,20050601,20051101,20051201
138,20050701,20051201,20060101
139,20050801,20060101,20060201
140,20050901,20060201,20060301
141,20051001,20060301,20060401
142,20051101,20060401,20060501
143,20051201,20060501,20060601
144,20060101,20060601,20060701
145,20060201,20060701,20060801
146,20060301,20060801,20060901
147,20060401,20060901,20061001
148,20060501,20061001,20061101
149,20060601,20061101,20061201
150,20060701,20061201,20070101
151,20060801,20070101,20070201
152,20060901,20070201,20070301
153,20061001,20070301,20070401
154,20061101,20070401,20070501
155,20061201,20070501,20070601
156,20070101,20070601,20070701
157,20070201,20070701,20070801
158,20070301,20070801,20070901
159,20070401,20070901,20071001
160,20070501,20071001,20071101
161,20070601,20071101,20071201
162,20070701,20071201,20080101
163,20070801,20080101,20080201
164,20070901,20080201,20080301
165,20071001,20080301,20080401
166,20071101,20080401,20080501
167,20071201,20080501,20080601
168,20080101,20080601,20080701
169,20080201,20080701,20080801
170,20080301,20080801,20080901
171,20080401,20080901,20081001
172,20080501,20081001,20081101
173,20080601,20081101,20081201
174,20080701,20081201,20090101
175,20080801,20090101,20090201
176,20080901,20090201,20090301
177,20081001,20090301,20090401
178,20081101,20090401,20090501
179,20081201,20090501,20090601
180,20090101,20090601,20090701
181,20090201,20090701,20090801
182,20090301,20090801,20090901
183,20090401,20090901,20091001
184,20090501,20091001,20091101
185,20090601,20091101,20091201
186,20090701,20091201,20100101
187,20090801,20100101,20100201
188,20090901,20100201,20100301
189,20091001,20100301,20100401
190,20091101,20100401,20100501
191,20091201,20100501,20100601
192,20100101,20100601,20100701
193,20100201,20100701,20100801
194,20100301,20100801,20100901
195,20100401,20100901,20101001
196,20100501,20101001,20101101
197,20100601,20101101,20101201
198,20100701,20101201,20110101
199,20100801,20110101,20110201
200,20100901,20110201,20110301
201,20101001,20110301,20110401
202,20101101,20110401,20110501
203,20101201,20110501,20110601
204,20110101,20110601,20110701
205,20110201,20110701,20110801
206,20110301,20110801,20110901
207,20110401,20110901,20111001
208,20110501,20111001,20111101
209,20110601,20111101,20111201
210,20110701,20111201,20120101
211,20110801,20120101,20120201
212,20110901,20120201,20120301
213,20111001,20120301,20120401
214,20111101,20120401,20120501
215,20111201,20120501,20120601
216,20120101,20120601,20120701
217,20120201,20120701,20120801
218,20120301,20120801,20120901
219,20120401,20120901,20121001
220,20120501,20121001,20121101
221,20120601,20121101,20121201
222,20120701,20121201,20130101
223,20120801,20130101,20130201
224,20120901,20130201,20130301
225,20121001,20130301,20130401
226,20121101,20130401,20130501
227,20121201,20130501,20130601
228,20130101,20130601,20130701
229,20130201,20130701,20130801
230,20130301,20130801,20130901
231,20130401,20130901,20131001
232,20130501,20131001,20131101
233,20130601,20131101,20131201
234,20130701,20131201,20140101
235,20130801,20140101,20140201
236,20130901,20140201,20140301
237,20131001,20140301,20140401
238,20131101,20140401,20140501
239,20131201,20140501,20140601
240,20140101,20140601,20140701
241,20140201,20140701,20140801
242,20140301,20140801,20140901
243,20140401,20140901,20141001
244,20140501,20141001,20141101
245,20140601,20141101,20141201
246,20140701,20141201,20150101
247,20140801,20150101,20150201
248,20140901,20150201,20150301
249,20141001,20150301,20150401
250,20141101,20150401,20150501
251,20141201,20150501,20150601
252,20150101,20150601,20150701
253,20150201,20150701,20150801
254,20150301,20150801,20150901
255,20150401,20150901,20151001
256,20150501,20151001,20151101
257,20150601,20151101,20151201
258,20150701,20151201,20160101
S6,Sample Start Date,Tracking Start Date,Tracking End Date
0,19940101,19940701,19940801
1,19940201,19940801,19940901
2,19940301,19940901,19941001
3,19940401,19941001,19941101
4,19940501,19941101,19941201
5,19940601,19941201,19950101
6,19940701,19950101,19950201
7,19940801,19950201,19950301
8,19940901,19950301,19950401
9,19941001,19950401,19950501
10,19941101,19950501,19950601
11,19941201,19950601,19950701
12,19950101,19950701,19950801
13,19950201,19950801,19950901
14,19950301,19950901,19951001
15,19950401,19951001,19951101
16,19950501,19951101,19951201
17,19950601,19951201,19960101
18,19950701,19960101,19960201
19,19950801,19960201,19960301
20,19950901,19960301,19960401
21,19951001,19960401,19960501
22,19951101,19960501,19960601
23,19951201,19960601,19960701
24,19960101,19960701,19960801
25,19960201,19960801,19960901
26,19960301,19960901,19961001
27,19960401,19961001,19961101
28,19960501,19961101,19961201
29,19960601,19961201,19970101
30,19960701,19970101,19970201
31,19960801,19970201,19970301
32,19960901,19970301,19970401
33,19961001,19970401,19970501
34,19961101,19970501,19970601
35,19961201,19970601,19970701
36,19970101,19970701,19970801
37,19970201,19970801,19970901
38,19970301,19970901,19971001
39,19970401,19971001,19971101
40,19970501,19971101,19971201
41,19970601,19971201,19980101
42,19970701,19980101,19980201
43,19970801,19980201,19980301
44,19970901,19980301,19980401
45,19971001,19980401,19980501
46,19971101,19980501,19980601
47,19971201,19980601,19980701
48,19980101,19980701,19980801
49,19980201,19980801,19980901
50,19980301,19980901,19981001
51,19980401,19981001,19981101
52,19980501,19981101,19981201
53,19980601,19981201,19990101
54,19980701,19990101,19990201
55,19980801,19990201,19990301
56,19980901,19990301,19990401
57,19981001,19990401,19990501
58,19981101,19990501,19990601
59,19981201,19990601,19990701
60,19990101,19990701,19990801
61,19990201,19990801,19990901
62,19990301,19990901,19991001
63,19990401,19991001,19991101
64,19990501,19991101,19991201
65,19990601,19991201,20000101
66,19990701,20000101,20000201
67,19990801,20000201,20000301
68,19990901,20000301,20000401
69,19991001,20000401,20000501
70,19991101,20000501,20000601
71,19991201,20000601,20000701
72,20000101,20000701,20000801
73,20000201,20000801,20000901
74,20000301,20000901,20001001
75,20000401,20001001,20001101
76,20000501,20001101,20001201
77,20000601,20001201,20010101
78,20000701,20010101,20010201
79,20000801,20010201,20010301
80,20000901,20010301,20010401
81,20001001,20010401,20010501
82,20001101,20010501,20010601
83,20001201,20010601,20010701
84,20010101,20010701,20010801
85,20010201,20010801,20010901
86,20010301,20010901,20011001
87,20010401,20011001,20011101
88,20010501,20011101,20011201
89,20010601,20011201,20020101
90,20010701,20020101,20020201
91,20010801,20020201,20020301
92,20010901,20020301,20020401
93,20011001,20020401,20020501
94,20011101,20020501,20020601
95,20011201,20020601,20020701
96,20020101,20020701,20020801
97,20020201,20020801,20020901
98,20020301,20020901,20021001
99,20020401,20021001,20021101
100,20020501,20021101,20021201
101,20020601,20021201,20030101
102,20020701,20030101,20030201
103,20020801,20030201,20030301
104,20020901,20030301,20030401
105,20021001,20030401,20030501
106,20021101,20030501,20030601
107,20021201,20030601,20030701
108,20030101,20030701,20030801
109,20030201,20030801,20030901
110,20030301,20030901,20031001
111,20030401,20031001,20031101
112,20030501,20031101,20031201
113,20030601,20031201,20040101
114,20030701,20040101,20040201
115,20030801,20040201,20040301
116,20030901,20040301,20040401
117,20031001,20040401,20040501
118,20031101,20040501,20040601
119,20031201,20040601,20040701
120,20040101,20040701,20040801
121,20040201,20040801,20040901
122,20040301,20040901,20041001
123,20040401,20041001,20041101
124,20040501,20041101,20041201
125,20040601,20041201,20050101
126,20040701,20050101,20050201
127,20040801,20050201,20050301
128,20040901,20050301,20050401
129,20041001,20050401,20050501
130,20041101,20050501,20050601
131,20041201,20050601,20050701
132,20050101,20050701,20050801
133,20050201,20050801,20050901
134,20050301,20050901,20051001
135,20050401,20051001,20051101
136,20050501,20051101,20051201
137,20050601,20051201,20060101
138,20050701,20060101,20060201
139,20050801,20060201,20060301
140,20050901,20060301,20060401
141,20051001,20060401,20060501
142,20051101,20060501,20060601
143,20051201,20060601,20060701
144,20060101,20060701,20060801
145,20060201,20060801,20060901
146,20060301,20060901,20061001
147,20060401,20061001,20061101
148,20060501,20061101,20061201
149,20060601,20061201,20070101
150,20060701,20070101,20070201
151,20060801,20070201,20070301
152,20060901,20070301,20070401
153,20061001,20070401,20070501
154,20061101,20070501,20070601
155,20061201,20070601,20070701
156,20070101,20070701,20070801
157,20070201,20070801,20070901
158,20070301,20070901,20071001
159,20070401,20071001,20071101
160,20070501,20071101,20071201
161,20070601,20071201,20080101
162,20070701,20080101,20080201
163,20070801,20080201,20080301
164,20070901,20080301,20080401
165,20071001,20080401,20080501
166,20071101,20080501,20080601
167,20071201,20080601,20080701
168,20080101,20080701,20080801
169,20080201,20080801,20080901
170,20080301,20080901,20081001
171,20080401,20081001,20081101
172,20080501,20081101,20081201
173,20080601,20081201,20090101
174,20080701,20090101,20090201
175,20080801,20090201,20090301
176,20080901,20090301,20090401
177,20081001,20090401,20090501
178,20081101,20090501,20090601
179,20081201,20090601,20090701
180,20090101,20090701,20090801
181,20090201,20090801,20090901
182,20090301,20090901,20091001
183,20090401,20091001,20091101
184,20090501,20091101,20091201
185,20090601,20091201,20100101
186,20090701,20100101,20100201
187,20090801,20100201,20100301
188,20090901,20100301,20100401
189,20091001,20100401,20100501
190,20091101,20100501,20100601
191,20091201,20100601,20100701
192,20100101,20100701,20100801
193,20100201,20100801,20100901
194,20100301,20100901,20101001
195,20100401,20101001,20101101
196,20100501,20101101,20101201
197,20100601,20101201,20110101
198,20100701,20110101,20110201
199,20100801,20110201,20110301
200,20100901,20110301,20110401
201,20101001,20110401,20110501
202,20101101,20110501,20110601
203,20101201,20110601,20110701
204,20110101,20110701,20110801
205,20110201,20110801,20110901
206,20110301,20110901,20111001
207,20110401,20111001,20111101
208,20110501,20111101,20111201
209,20110601,20111201,20120101
210,20110701,20120101,20120201
211,20110801,20120201,20120301
212,20110901,20120301,20120401
213,20111001,20120401,20120501
214,20111101,20120501,20120601
215,20111201,20120601,20120701
216,20120101,20120701,20120801
217,20120201,20120801,20120901
218,20120301,20120901,20121001
219,20120401,20121001,20121101
220,20120501,20121101,20121201
221,20120601,20121201,20130101
222,20120701,20130101,20130201
223,20120801,20130201,20130301
224,20120901,20130301,20130401
225,20121001,20130401,20130501
226,20121101,20130501,20130601
227,20121201,20130601,20130701
228,20130101,20130701,20130801
229,20130201,20130801,20130901
230,20130301,20130901,20131001
231,20130401,20131001,20131101
232,20130501,20131101,20131201
233,20130601,20131201,20140101
234,20130701,20140101,20140201
235,20130801,20140201,20140301
236,20130901,20140301,20140401
237,20131001,20140401,20140501
238,20131101,20140501,20140601
239,20131201,20140601,20140701
240,20140101,20140701,20140801
241,20140201,20140801,20140901
242,20140301,20140901,20141001
243,20140401,20141001,20141101
244,20140501,20141101,20141201
245,20140601,20141201,20150101
246,20140701,20150101,20150201
247,20140801,20150201,20150301
248,20140901,20150301,20150401
249,20141001,20150401,20150501
250,20141101,20150501,20150601
251,20141201,20150601,20150701
252,20150101,20150701,20150801
253,20150201,20150801,20150901
254,20150301,20150901,20151001
255,20150401,20151001,20151101
256,20150501,20151101,20151201
257,20150601,20151201,20160101
S7,Sample Start Date,Tracking Start Date,Tracking End Date
0,19940101,19940801,19940901
1,19940201,19940901,19941001
2,19940301,19941001,19941101
3,19940401,19941101,19941201
4,19940501,19941201,19950101
5,19940601,19950101,19950201
6,19940701,19950201,19950301
7,19940801,19950301,19950401
8,19940901,19950401,19950501
9,19941001,19950501,19950601
10,19941101,19950601,19950701
11,19941201,19950701,19950801
12,19950101,19950801,19950901
13,19950201,19950901,19951001
14,19950301,19951001,19951101
15,19950401,19951101,19951201
16,19950501,19951201,19960101
17,19950601,19960101,19960201
18,19950701,19960201,19960301
19,19950801,19960301,19960401
20,19950901,19960401,19960501
21,19951001,19960501,19960601
22,19951101,19960601,19960701
23,19951201,19960701,19960801
24,19960101,19960801,19960901
25,19960201,19960901,19961001
26,19960301,19961001,19961101
27,19960401,19961101,19961201
28,19960501,19961201,19970101
29,19960601,19970101,19970201
30,19960701,19970201,19970301
31,19960801,19970301,19970401
32,19960901,19970401,19970501
33,19961001,19970501,19970601
34,19961101,19970601,19970701
35,19961201,19970701,19970801
36,19970101,19970801,19970901
37,19970201,19970901,19971001
38,19970301,19971001,19971101
39,19970401,19971101,19971201
40,19970501,19971201,19980101
41,19970601,19980101,19980201
42,19970701,19980201,19980301
43,19970801,19980301,19980401
44,19970901,19980401,19980501
45,19971001,19980501,19980601
46,19971101,19980601,19980701
47,19971201,19980701,19980801
48,19980101,19980801,19980901
49,19980201,19980901,19981001
50,19980301,19981001,19981101
51,19980401,19981101,19981201
52,19980501,19981201,19990101
53,19980601,19990101,19990201
54,19980701,19990201,19990301
55,19980801,19990301,19990401
56,19980901,19990401,19990501
57,19981001,19990501,19990601
58,19981101,19990601,19990701
59,19981201,19990701,19990801
60,19990101,19990801,19990901
61,19990201,19990901,19991001
62,19990301,19991001,19991101
63,19990401,19991101,19991201
64,19990501,19991201,20000101
65,19990601,20000101,20000201
66,19990701,20000201,20000301
67,19990801,20000301,20000401
68,19990901,20000401,20000501
69,19991001,20000501,20000601
70,19991101,20000601,20000701
71,19991201,20000701,20000801
72,20000101,20000801,20000901
73,20000201,20000901,20001001
74,20000301,20001001,20001101
75,20000401,20001101,20001201
76,20000501,20001201,20010101
77,20000601,20010101,20010201
78,20000701,20010201,20010301
79,20000801,20010301,20010401
80,20000901,20010401,20010501
81,20001001,20010501,20010601
82,20001101,20010601,20010701
83,20001201,20010701,20010801
84,20010101,20010801,20010901
85,20010201,20010901,20011001
86,20010301,20011001,20011101
87,20010401,20011101,20011201
88,20010501,20011201,20020101
89,20010601,20020101,20020201
90,20010701,20020201,20020301
91,20010801,20020301,20020401
92,20010901,20020401,20020501
93,20011001,20020501,20020601
94,20011101,20020601,20020701
95,20011201,20020701,20020801
96,20020101,20020801,20020901
97,20020201,20020901,20021001
98,20020301,20021001,20021101
99,20020401,20021101,20021201
100,20020501,20021201,20030101
101,20020601,20030101,20030201
102,20020701,20030201,20030301
103,20020801,20030301,20030401
104,20020901,20030401,20030501
105,20021001,20030501,20030601
106,20021101,20030601,20030701
107,20021201,20030701,20030801
108,20030101,20030801,20030901
109,20030201,20030901,20031001
110,20030301,20031001,20031101
111,20030401,20031101,20031201
112,20030501,20031201,20040101
113,20030601,20040101,20040201
114,20030701,20040201,20040301
115,20030801,20040301,20040401
116,20030901,20040401,20040501
117,20031001,20040501,20040601
118,20031101,20040601,20040701
119,20031201,20040701,20040801
120,20040101,20040801,20040901
121,20040201,20040901,20041001
122,20040301,20041001,20041101
123,20040401,20041101,20041201
124,20040501,20041201,20050101
125,20040601,20050101,20050201
126,20040701,20050201,20050301
127,20040801,20050301,20050401
128,20040901,20050401,20050501
129,20041001,20050501,20050601
130,20041101,20050601,20050701
131,20041201,20050701,20050801
132,20050101,20050801,20050901
133,20050201,20050901,20051001
134,20050301,20051001,20051101
135,20050401,20051101,20051201
136,20050501,20051201,20060101
137,20050601,20060101,20060201
138,20050701,20060201,20060301
139,20050801,20060301,20060401
140,20050901,20060401,20060501
141,20051001,20060501,20060601
142,20051101,20060601,20060701
143,20051201,20060701,20060801
144,20060101,20060801,20060901
145,20060201,20060901,20061001
146,20060301,20061001,20061101
147,20060401,20061101,20061201
148,20060501,20061201,20070101
149,20060601,20070101,20070201
150,20060701,20070201,20070301
151,20060801,20070301,20070401
152,20060901,20070401,20070501
153,20061001,20070501,20070601
154,20061101,20070601,20070701
155,20061201,20070701,20070801
156,20070101,20070801,20070901
157,20070201,20070901,20071001
158,20070301,20071001,20071101
159,20070401,20071101,20071201
160,20070501,20071201,20080101
161,20070601,20080101,20080201
162,20070701,20080201,20080301
163,20070801,20080301,20080401
164,20070901,20080401,20080501
165,20071001,20080501,20080601
166,20071101,20080601,20080701
167,20071201,20080701,20080801
168,20080101,20080801,20080901
169,20080201,20080901,20081001
170,20080301,20081001,20081101
171,20080401,20081101,20081201
172,20080501,20081201,20090101
173,20080601,20090101,20090201
174,20080701,20090201,20090301
175,20080801,20090301,20090401
176,20080901,20090401,20090501
177,20081001,20090501,20090601
178,20081101,20090601,20090701
179,20081201,20090701,20090801
180,20090101,20090801,20090901
181,20090201,20090901,20091001
182,20090301,20091001,20091101
183,20090401,20091101,20091201
184,20090501,20091201,20100101
185,20090601,20100101,20100201
186,20090701,20100201,20100301
187,20090801,20100301,20100401
188,20090901,20100401,20100501
189,20091001,20100501,20100601
190,20091101,20100601,20100701
191,20091201,20100701,20100801
192,20100101,20100801,20100901
193,20100201,20100901,20101001
194,20100301,20101001,20101101
195,20100401,20101101,20101201
196,20100501,20101201,20110101
197,20100601,20110101,20110201
198,20100701,20110201,20110301
199,20100801,20110301,20110401
200,20100901,20110401,20110501
201,20101001,20110501,20110601
202,20101101,20110601,20110701
203,20101201,20110701,20110801
204,20110101,20110801,20110901
205,20110201,20110901,20111001
206,20110301,20111001,20111101
207,20110401,20111101,20111201
208,20110501,20111201,20120101
209,20110601,20120101,20120201
210,20110701,20120201,20120301
211,20110801,20120301,20120401
212,20110901,20120401,20120501
213,20111001,20120501,20120601
214,20111101,20120601,20120701
215,20111201,20120701,20120801
216,20120101,20120801,20120901
217,20120201,20120901,20121001
218,20120301,20121001,20121101
219,20120401,20121101,20121201
220,20120501,20121201,20130101
221,20120601,20130101,20130201
222,20120701,20130201,20130301
223,20120801,20130301,20130401
224,20120901,20130401,20130501
225,20121001,20130501,20130601
226,20121101,20130601,20130701
227,20121201,20130701,20130801
228,20130101,20130801,20130901
229,20130201,20130901,20131001
230,20130301,20131001,20131101
231,20130401,20131101,20131201
232,20130501,20131201,20140101
233,20130601,20140101,20140201
234,20130701,20140201,20140301
235,20130801,20140301,20140401
236,20130901,20140401,20140501
237,20131001,20140501,20140601
238,20131101,20140601,20140701
239,20131201,20140701,20140801
240,20140101,20140801,20140901
241,20140201,20140901,20141001
242,20140301,20141001,20141101
243,20140401,20141101,20141201
244,20140501,20141201,20150101
245,20140601,20150101,20150201
246,20140701,20150201,20150301
247,20140801,20150301,20150401
248,20140901,20150401,20150501
249,20141001,20150501,20150601
250,20141101,20150601,20150701
251,20141201,20150701,20150801
252,20150101,20150801,20150901
253,20150201,20150901,20151001
254,20150301,20151001,20151101
255,20150401,20151101,20151201
256,20150501,20151201,20160101
S8,Sample Start Date,Tracking Start Date,Tracking End Date
0,19940101,19940901,19941001
1,19940201,19941001,19941101
2,19940301,19941101,19941201
3,19940401,19941201,19950101
4,19940501,19950101,19950201
5,19940601,19950201,19950301
6,19940701,19950301,19950401
7,19940801,19950401,19950501
8,19940901,19950501,19950601
9,19941001,19950601,19950701
10,19941101,19950701,19950801
11,19941201,19950801,19950901
12,19950101,19950901,19951001
13,19950201,19951001,19951101
14,19950301,19951101,19951201
15,19950401,19951201,19960101
16,19950501,19960101,19960201
17,19950601,19960201,19960301
18,19950701,19960301,19960401
19,19950801,19960401,19960501
20,19950901,19960501,19960601
21,19951001,19960601,19960701
22,19951101,19960701,19960801
23,19951201,19960801,19960901
24,19960101,19960901,19961001
25,19960201,19961001,19961101
26,19960301,19961101,19961201
27,19960401,19961201,19970101
28,19960501,19970101,19970201
29,19960601,19970201,19970301
30,19960701,19970301,19970401
31,19960801,19970401,19970501
32,19960901,19970501,19970601
33,19961001,19970601,19970701
34,19961101,19970701,19970801
35,19961201,19970801,19970901
36,19970101,19970901,19971001
37,19970201,19971001,19971101
38,19970301,19971101,19971201
39,19970401,19971201,19980101
40,19970501,19980101,19980201
41,19970601,19980201,19980301
42,19970701,19980301,19980401
43,19970801,19980401,19980501
44,19970901,19980501,19980601
45,19971001,19980601,19980701
46,19971101,19980701,19980801
47,19971201,19980801,19980901
48,19980101,19980901,19981001
49,19980201,19981001,19981101
50,19980301,19981101,19981201
51,19980401,19981201,19990101
52,19980501,19990101,19990201
53,19980601,19990201,19990301
54,19980701,19990301,19990401
55,19980801,19990401,19990501
56,19980901,19990501,19990601
57,19981001,19990601,19990701
58,19981101,19990701,19990801
59,19981201,19990801,19990901
60,19990101,19990901,19991001
61,19990201,19991001,19991101
62,19990301,19991101,19991201
63,19990401,19991201,20000101
64,19990501,20000101,20000201
65,19990601,20000201,20000301
66,19990701,20000301,20000401
67,19990801,20000401,20000501
68,19990901,20000501,20000601
69,19991001,20000601,20000701
70,19991101,20000701,20000801
71,19991201,20000801,20000901
72,20000101,20000901,20001001
73,20000201,20001001,20001101
74,20000301,20001101,20001201
75,20000401,20001201,20010101
76,20000501,20010101,20010201
77,20000601,20010201,20010301
78,20000701,20010301,20010401
79,20000801,20010401,20010501
80,20000901,20010501,20010601
81,20001001,20010601,20010701
82,20001101,20010701,20010801
83,20001201,20010801,20010901
84,20010101,20010901,20011001
85,20010201,20011001,20011101
86,20010301,20011101,20011201
87,20010401,20011201,20020101
88,20010501,20020101,20020201
89,20010601,20020201,20020301
90,20010701,20020301,20020401
91,20010801,20020401,20020501
92,20010901,20020501,20020601
93,20011001,20020601,20020701
94,20011101,20020701,20020801
95,20011201,20020801,20020901
96,20020101,20020901,20021001
97,20020201,20021001,20021101
98,20020301,20021101,20021201
99,20020401,20021201,20030101
100,20020501,20030101,20030201
101,20020601,20030201,20030301
102,20020701,20030301,20030401
103,20020801,20030401,20030501
104,20020901,20030501,20030601
105,20021001,20030601,20030701
106,20021101,20030701,20030801
107,20021201,20030801,20030901
108,20030101,20030901,20031001
109,20030201,20031001,20031101
110,20030301,20031101,20031201
111,20030401,20031201,20040101
112,20030501,20040101,20040201
113,20030601,20040201,20040301
114,20030701,20040301,20040401
115,20030801,20040401,20040501
116,20030901,20040501,20040601
117,20031001,20040601,20040701
118,20031101,20040701,20040801
119,20031201,20040801,20040901
120,20040101,20040901,20041001
121,20040201,20041001,20041101
122,20040301,20041101,20041201
123,20040401,20041201,20050101
124,20040501,20050101,20050201
125,20040601,20050201,20050301
126,20040701,20050301,20050401
127,20040801,20050401,20050501
128,20040901,20050501,20050601
129,20041001,20050601,20050701
130,20041101,20050701,20050801
131,20041201,20050801,20050901
132,20050101,20050901,20051001
133,20050201,20051001,20051101
134,20050301,20051101,20051201
135,20050401,20051201,20060101
136,20050501,20060101,20060201
137,20050601,20060201,20060301
138,20050701,20060301,20060401
139,20050801,20060401,20060501
140,20050901,20060501,20060601
141,20051001,20060601,20060701
142,20051101,20060701,20060801
143,20051201,20060801,20060901
144,20060101,20060901,20061001
145,20060201,20061001,20061101
146,20060301,20061101,20061201
147,20060401,20061201,20070101
148,20060501,20070101,20070201
149,20060601,20070201,20070301
150,20060701,20070301,20070401
151,20060801,20070401,20070501
152,20060901,20070501,20070601
153,20061001,20070601,20070701
154,20061101,20070701,20070801
155,20061201,20070801,20070901
156,20070101,20070901,20071001
157,20070201,20071001,20071101
158,20070301,20071101,20071201
159,20070401,20071201,20080101
160,20070501,20080101,20080201
161,20070601,20080201,20080301
162,20070701,20080301,20080401
163,20070801,20080401,20080501
164,20070901,20080501,20080601
165,20071001,20080601,20080701
166,20071101,20080701,20080801
167,20071201,20080801,20080901
168,20080101,20080901,20081001
169,20080201,20081001,20081101
170,20080301,20081101,20081201
171,20080401,20081201,20090101
172,20080501,20090101,20090201
173,20080601,20090201,20090301
174,20080701,20090301,20090401
175,20080801,20090401,20090501
176,20080901,20090501,20090601
177,20081001,20090601,20090701
178,20081101,20090701,20090801
179,20081201,20090801,20090901
180,20090101,20090901,20091001
181,20090201,20091001,20091101
182,20090301,20091101,20091201
183,20090401,20091201,20100101
184,20090501,20100101,20100201
185,20090601,20100201,20100301
186,20090701,20100301,20100401
187,20090801,20100401,20100501
188,20090901,20100501,20100601
189,20091001,20100601,20100701
190,20091101,20100701,20100801
191,20091201,20100801,20100901
192,20100101,20100901,20101001
193,20100201,20101001,20101101
194,20100301,20101101,20101201
195,20100401,20101201,20110101
196,20100501,20110101,20110201
197,20100601,20110201,20110301
198,20100701,20110301,20110401
199,20100801,20110401,20110501
200,20100901,20110501,20110601
201,20101001,20110601,20110701
202,20101101,20110701,20110801
203,20101201,20110801,20110901
204,20110101,20110901,20111001
205,20110201,20111001,20111101
206,20110301,20111101,20111201
207,20110401,20111201,20120101
208,20110501,20120101,20120201
209,20110601,20120201,20120301
210,20110701,20120301,20120401
211,20110801,20120401,20120501
212,20110901,20120501,20120601
213,20111001,20120601,20120701
214,20111101,20120701,20120801
215,20111201,20120801,20120901
216,20120101,20120901,20121001
217,20120201,20121001,20121101
218,20120301,20121101,20121201
219,20120401,20121201,20130101
220,20120501,20130101,20130201
221,20120601,20130201,20130301
222,20120701,20130301,20130401
223,20120801,20130401,20130501
224,20120901,20130501,20130601
225,20121001,20130601,20130701
226,20121101,20130701,20130801
227,20121201,20130801,20130901
228,20130101,20130901,20131001
229,20130201,20131001,20131101
230,20130301,20131101,20131201
231,20130401,20131201,20140101
232,20130501,20140101,20140201
233,20130601,20140201,20140301
234,20130701,20140301,20140401
235,20130801,20140401,20140501
236,20130901,20140501,20140601
237,20131001,20140601,20140701
238,20131101,20140701,20140801
239,20131201,20140801,20140901
240,20140101,20140901,20141001
241,20140201,20141001,20141101
242,20140301,20141101,20141201
243,20140401,20141201,20150101
244,20140501,20150101,20150201
245,20140601,20150201,20150301
246,20140701,20150301,20150401
247,20140801,20150401,20150501
248,20140901,20150501,20150601
249,20141001,20150601,20150701
250,20141101,20150701,20150801
251,20141201,20150801,20150901
252,20150101,20150901,20151001
253,20150201,20151001,20151101
254,20150301,20151101,20151201
255,20150401,20151201,20160101
S9,Sample Start Date,Tracking Start Date,Tracking End Date
0,19940101,19941001,19941101
1,19940201,19941101,19941201
2,19940301,19941201,19950101
3,19940401,19950101,19950201
4,19940501,19950201,19950301
5,19940601,19950301,19950401
6,19940701,19950401,19950501
7,19940801,19950501,19950601
8,19940901,19950601,19950701
9,19941001,19950701,19950801
10,19941101,19950801,19950901
11,19941201,19950901,19951001
12,19950101,19951001,19951101
13,19950201,19951101,19951201
14,19950301,19951201,19960101
15,19950401,19960101,19960201
16,19950501,19960201,19960301
17,19950601,19960301,19960401
18,19950701,19960401,19960501
19,19950801,19960501,19960601
20,19950901,19960601,19960701
21,19951001,19960701,19960801
22,19951101,19960801,19960901
23,19951201,19960901,19961001
24,19960101,19961001,19961101
25,19960201,19961101,19961201
26,19960301,19961201,19970101
27,19960401,19970101,19970201
28,19960501,19970201,19970301
29,19960601,19970301,19970401
30,19960701,19970401,19970501
31,19960801,19970501,19970601
32,19960901,19970601,19970701
33,19961001,19970701,19970801
34,19961101,19970801,19970901
35,19961201,19970901,19971001
36,19970101,19971001,19971101
37,19970201,19971101,19971201
38,19970301,19971201,19980101
39,19970401,19980101,19980201
40,19970501,19980201,19980301
41,19970601,19980301,19980401
42,19970701,19980401,19980501
43,19970801,19980501,19980601
44,19970901,19980601,19980701
45,19971001,19980701,19980801
46,19971101,19980801,19980901
47,19971201,19980901,19981001
48,19980101,19981001,19981101
49,19980201,19981101,19981201
50,19980301,19981201,19990101
51,19980401,19990101,19990201
52,19980501,19990201,19990301
53,19980601,19990301,19990401
54,19980701,19990401,19990501
55,19980801,19990501,19990601
56,19980901,19990601,19990701
57,19981001,19990701,19990801
58,19981101,19990801,19990901
59,19981201,19990901,19991001
60,19990101,19991001,19991101
61,19990201,19991101,19991201
62,19990301,19991201,20000101
63,19990401,20000101,20000201
64,19990501,20000201,20000301
65,19990601,20000301,20000401
66,19990701,20000401,20000501
67,19990801,20000501,20000601
68,19990901,20000601,20000701
69,19991001,20000701,20000801
70,19991101,20000801,20000901
71,19991201,20000901,20001001
72,20000101,20001001,20001101
73,20000201,20001101,20001201
74,20000301,20001201,20010101
75,20000401,20010101,20010201
76,20000501,20010201,20010301
77,20000601,20010301,20010401
78,20000701,20010401,20010501
79,20000801,20010501,20010601
80,20000901,20010601,20010701
81,20001001,20010701,20010801
82,20001101,20010801,20010901
83,20001201,20010901,20011001
84,20010101,20011001,20011101
85,20010201,20011101,20011201
86,20010301,20011201,20020101
87,20010401,20020101,20020201
88,20010501,20020201,20020301
89,20010601,20020301,20020401
90,20010701,20020401,20020501
91,20010801,20020501,20020601
92,20010901,20020601,20020701
93,20011001,20020701,20020801
94,20011101,20020801,20020901
95,20011201,20020901,20021001
96,20020101,20021001,20021101
97,20020201,20021101,20021201
98,20020301,20021201,20030101
99,20020401,20030101,20030201
100,20020501,20030201,20030301
101,20020601,20030301,20030401
102,20020701,20030401,20030501
103,20020801,20030501,20030601
104,20020901,20030601,20030701
105,20021001,20030701,20030801
106,20021101,20030801,20030901
107,20021201,20030901,20031001
108,20030101,20031001,20031101
109,20030201,20031101,20031201
110,20030301,20031201,20040101
111,20030401,20040101,20040201
112,20030501,20040201,20040301
113,20030601,20040301,20040401
114,20030701,20040401,20040501
115,20030801,20040501,20040601
116,20030901,20040601,20040701
117,20031001,20040701,20040801
118,20031101,20040801,20040901
119,20031201,20040901,20041001
120,20040101,20041001,20041101
121,20040201,20041101,20041201
122,20040301,20041201,20050101
123,20040401,20050101,20050201
124,20040501,20050201,20050301
125,20040601,20050301,20050401
126,20040701,20050401,20050501
127,20040801,20050501,20050601
128,20040901,20050601,20050701
129,20041001,20050701,20050801
130,20041101,20050801,20050901
131,20041201,20050901,20051001
132,20050101,20051001,20051101
133,20050201,20051101,20051201
134,20050301,20051201,20060101
135,20050401,20060101,20060201
136,20050501,20060201,20060301
137,20050601,20060301,20060401
138,20050701,20060401,20060501
139,20050801,20060501,20060601
140,20050901,20060601,20060701
141,20051001,20060701,20060801
142,20051101,20060801,20060901
143,20051201,20060901,20061001
144,20060101,20061001,20061101
145,20060201,20061101,20061201
146,20060301,20061201,20070101
147,20060401,20070101,20070201
148,20060501,20070201,20070301
149,20060601,20070301,20070401
150,20060701,20070401,20070501
151,20060801,20070501,20070601
152,20060901,20070601,20070701
153,20061001,20070701,20070801
154,20061101,20070801,20070901
155,20061201,20070901,20071001
156,20070101,20071001,20071101
157,20070201,20071101,20071201
158,20070301,20071201,20080101
159,20070401,20080101,20080201
160,20070501,20080201,20080301
161,20070601,20080301,20080401
162,20070701,20080401,20080501
163,20070801,20080501,20080601
164,20070901,20080601,20080701
165,20071001,20080701,20080801
166,20071101,20080801,20080901
167,20071201,20080901,20081001
168,20080101,20081001,20081101
169,20080201,20081101,20081201
170,20080301,20081201,20090101
171,20080401,20090101,20090201
172,20080501,20090201,20090301
173,20080601,20090301,20090401
174,20080701,20090401,20090501
175,20080801,20090501,20090601
176,20080901,20090601,20090701
177,20081001,20090701,20090801
178,20081101,20090801,20090901
179,20081201,20090901,20091001
180,20090101,20091001,20091101
181,20090201,20091101,20091201
182,20090301,20091201,20100101
183,20090401,20100101,20100201
184,20090501,20100201,20100301
185,20090601,20100301,20100401
186,20090701,20100401,20100501
187,20090801,20100501,20100601
188,20090901,20100601,20100701
189,20091001,20100701,20100801
190,20091101,20100801,20100901
191,20091201,20100901,20101001
192,20100101,20101001,20101101
193,20100201,20101101,20101201
194,20100301,20101201,20110101
195,20100401,20110101,20110201
196,20100501,20110201,20110301
197,20100601,20110301,20110401
198,20100701,20110401,20110501
199,20100801,20110501,20110601
200,20100901,20110601,20110701
201,20101001,20110701,20110801
202,20101101,20110801,20110901
203,20101201,20110901,20111001
204,20110101,20111001,20111101
205,20110201,20111101,20111201
206,20110301,20111201,20120101
207,20110401,20120101,20120201
208,20110501,20120201,20120301
209,20110601,20120301,20120401
210,20110701,20120401,20120501
211,20110801,20120501,20120601
212,20110901,20120601,20120701
213,20111001,20120701,20120801
214,20111101,20120801,20120901
215,20111201,20120901,20121001
216,20120101,20121001,20121101
217,20120201,20121101,20121201
218,20120301,20121201,20130101
219,20120401,20130101,20130201
220,20120501,20130201,20130301
221,20120601,20130301,20130401
222,20120701,20130401,20130501
223,20120801,20130501,20130601
224,20120901,20130601,20130701
225,20121001,20130701,20130801
226,20121101,20130801,20130901
227,20121201,20130901,20131001
228,20130101,20131001,20131101
229,20130201,20131101,20131201
230,20130301,20131201,20140101
231,20130401,20140101,20140201
232,20130501,20140201,20140301
233,20130601,20140301,20140401
234,20130701,20140401,20140501
235,20130801,20140501,20140601
236,20130901,20140601,20140701
237,20131001,20140701,20140801
238,20131101,20140801,20140901
239,20131201,20140901,20141001
240,20140101,20141001,20141101
241,20140201,20141101,20141201
242,20140301,20141201,20150101
243,20140401,20150101,20150201
244,20140501,20150201,20150301
245,20140601,20150301,20150401
246,20140701,20150401,20150501
247,20140801,20150501,20150601
248,20140901,20150601,20150701
249,20141001,20150701,20150801
250,20141101,20150801,20150901
251,20141201,20150901,20151001
252,20150101,20151001,20151101
253,20150201,20151101,20151201
254,20150301,20151201,20160101
S10,Sample Start Date,Tracking Start Date,Tracking End Date
0,19940101,19941101,19941201
1,19940201,19941201,19950101
2,19940301,19950101,19950201
3,19940401,19950201,19950301
4,19940501,19950301,19950401
5,19940601,19950401,19950501
6,19940701,19950501,19950601
7,19940801,19950601,19950701
8,19940901,19950701,19950801
9,19941001,19950801,19950901
10,19941101,19950901,19951001
11,19941201,19951001,19951101
12,19950101,19951101,19951201
13,19950201,19951201,19960101
14,19950301,19960101,19960201
15,19950401,19960201,19960301
16,19950501,19960301,19960401
17,19950601,19960401,19960501
18,19950701,19960501,19960601
19,19950801,19960601,19960701
20,19950901,19960701,19960801
21,19951001,19960801,19960901
22,19951101,19960901,19961001
23,19951201,19961001,19961101
24,19960101,19961101,19961201
25,19960201,19961201,19970101
26,19960301,19970101,19970201
27,19960401,19970201,19970301
28,19960501,19970301,19970401
29,19960601,19970401,19970501
30,19960701,19970501,19970601
31,19960801,19970601,19970701
32,19960901,19970701,19970801
33,19961001,19970801,19970901
34,19961101,19970901,19971001
35,19961201,19971001,19971101
36,19970101,19971101,19971201
37,19970201,19971201,19980101
38,19970301,19980101,19980201
39,19970401,19980201,19980301
40,19970501,19980301,19980401
41,19970601,19980401,19980501
42,19970701,19980501,19980601
43,19970801,19980601,19980701
44,19970901,19980701,19980801
45,19971001,19980801,19980901
46,19971101,19980901,19981001
47,19971201,19981001,19981101
48,19980101,19981101,19981201
49,19980201,19981201,19990101
50,19980301,19990101,19990201
51,19980401,19990201,19990301
52,19980501,19990301,19990401
53,19980601,19990401,19990501
54,19980701,19990501,19990601
55,19980801,19990601,19990701
56,19980901,19990701,19990801
57,19981001,19990801,19990901
58,19981101,19990901,19991001
59,19981201,19991001,19991101
60,19990101,19991101,19991201
61,19990201,19991201,20000101
62,19990301,20000101,20000201
63,19990401,20000201,20000301
64,19990501,20000301,20000401
65,19990601,20000401,20000501
66,19990701,20000501,20000601
67,19990801,20000601,20000701
68,19990901,20000701,20000801
69,19991001,20000801,20000901
70,19991101,20000901,20001001
71,19991201,20001001,20001101
72,20000101,20001101,20001201
73,20000201,20001201,20010101
74,20000301,20010101,20010201
75,20000401,20010201,20010301
76,20000501,20010301,20010401
77,20000601,20010401,20010501
78,20000701,20010501,20010601
79,20000801,20010601,20010701
80,20000901,20010701,20010801
81,20001001,20010801,20010901
82,20001101,20010901,20011001
83,20001201,20011001,20011101
84,20010101,20011101,20011201
85,20010201,20011201,20020101
86,20010301,20020101,20020201
87,20010401,20020201,20020301
88,20010501,20020301,20020401
89,20010601,20020401,20020501
90,20010701,20020501,20020601
91,20010801,20020601,20020701
92,20010901,20020701,20020801
93,20011001,20020801,20020901
94,20011101,20020901,20021001
95,20011201,20021001,20021101
96,20020101,20021101,20021201
97,20020201,20021201,20030101
98,20020301,20030101,20030201
99,20020401,20030201,20030301
100,20020501,20030301,20030401
101,20020601,20030401,20030501
102,20020701,20030501,20030601
103,20020801,20030601,20030701
104,20020901,20030701,20030801
105,20021001,20030801,20030901
106,20021101,20030901,20031001
107,20021201,20031001,20031101
108,20030101,20031101,20031201
109,20030201,20031201,20040101
110,20030301,20040101,20040201
111,20030401,20040201,20040301
112,20030501,20040301,20040401
113,20030601,20040401,20040501
114,20030701,20040501,20040601
115,20030801,20040601,20040701
116,20030901,20040701,20040801
117,20031001,20040801,20040901
118,20031101,20040901,20041001
119,20031201,20041001,20041101
120,20040101,20041101,20041201
121,20040201,20041201,20050101
122,20040301,20050101,20050201
123,20040401,20050201,20050301
124,20040501,20050301,20050401
125,20040601,20050401,20050501
126,20040701,20050501,20050601
127,20040801,20050601,20050701
128,20040901,20050701,20050801
129,20041001,20050801,20050901
130,20041101,20050901,20051001
131,20041201,20051001,20051101
132,20050101,20051101,20051201
133,20050201,20051201,20060101
134,20050301,20060101,20060201
135,20050401,20060201,20060301
136,20050501,20060301,20060401
137,20050601,20060401,20060501
138,20050701,20060501,20060601
139,20050801,20060601,20060701
140,20050901,20060701,20060801
141,20051001,20060801,20060901
142,20051101,20060901,20061001
143,20051201,20061001,20061101
144,20060101,20061101,20061201
145,20060201,20061201,20070101
146,20060301,20070101,20070201
147,20060401,20070201,20070301
148,20060501,20070301,20070401
149,20060601,20070401,20070501
150,20060701,20070501,20070601
151,20060801,20070601,20070701
152,20060901,20070701,20070801
153,20061001,20070801,20070901
154,20061101,20070901,20071001
155,20061201,20071001,20071101
156,20070101,20071101,20071201
157,20070201,20071201,20080101
158,20070301,20080101,20080201
159,20070401,20080201,20080301
160,20070501,20080301,20080401
161,20070601,20080401,20080501
162,20070701,20080501,20080601
163,20070801,20080601,20080701
164,20070901,20080701,20080801
165,20071001,20080801,20080901
166,20071101,20080901,20081001
167,20071201,20081001,20081101
168,20080101,20081101,20081201
169,20080201,20081201,20090101
170,20080301,20090101,20090201
171,20080401,20090201,20090301
172,20080501,20090301,20090401
173,20080601,20090401,20090501
174,20080701,20090501,20090601
175,20080801,20090601,20090701
176,20080901,20090701,20090801
177,20081001,20090801,20090901
178,20081101,20090901,20091001
179,20081201,20091001,20091101
180,20090101,20091101,20091201
181,20090201,20091201,20100101
182,20090301,20100101,20100201
183,20090401,20100201,20100301
184,20090501,20100301,20100401
185,20090601,20100401,20100501
186,20090701,20100501,20100601
187,20090801,20100601,20100701
188,20090901,20100701,20100801
189,20091001,20100801,20100901
190,20091101,20100901,20101001
191,20091201,20101001,20101101
192,20100101,20101101,20101201
193,20100201,20101201,20110101
194,20100301,20110101,20110201
195,20100401,20110201,20110301
196,20100501,20110301,20110401
197,20100601,20110401,20110501
198,20100701,20110501,20110601
199,20100801,20110601,20110701
200,20100901,20110701,20110801
201,20101001,20110801,20110901
202,20101101,20110901,20111001
203,20101201,20111001,20111101
204,20110101,20111101,20111201
205,20110201,20111201,20120101
206,20110301,20120101,20120201
207,20110401,20120201,20120301
208,20110501,20120301,20120401
209,20110601,20120401,20120501
210,20110701,20120501,20120601
211,20110801,20120601,20120701
212,20110901,20120701,20120801
213,20111001,20120801,20120901
214,20111101,20120901,20121001
215,20111201,20121001,20121101
216,20120101,20121101,20121201
217,20120201,20121201,20130101
218,20120301,20130101,20130201
219,20120401,20130201,20130301
220,20120501,20130301,20130401
221,20120601,20130401,20130501
222,20120701,20130501,20130601
223,20120801,20130601,20130701
224,20120901,20130701,20130801
225,20121001,20130801,20130901
226,20121101,20130901,20131001
227,20121201,20131001,20131101
228,20130101,20131101,20131201
229,20130201,20131201,20140101
230,20130301,20140101,20140201
231,20130401,20140201,20140301
232,20130501,20140301,20140401
233,20130601,20140401,20140501
234,20130701,20140501,20140601
235,20130801,20140601,20140701
236,20130901,20140701,20140801
237,20131001,20140801,20140901
238,20131101,20140901,20141001
239,20131201,20141001,20141101
240,20140101,20141101,20141201
241,20140201,20141201,20150101
242,20140301,20150101,20150201
243,20140401,20150201,20150301
244,20140501,20150301,20150401
245,20140601,20150401,20150501
246,20140701,20150501,20150601
247,20140801,20150601,20150701
248,20140901,20150701,20150801
249,20141001,20150801,20150901
250,20141101,20150901,20151001
251,20141201,20151001,20151101
252,20150101,20151101,20151201
253,20150201,20151201,20160101
S11,Sample Start Date,Tracking Start Date,Tracking End Date
0,19940101,19941201,19950101
1,19940201,19950101,19950201
2,19940301,19950201,19950301
3,19940401,19950301,19950401
4,19940501,19950401,19950501
5,19940601,19950501,19950601
6,19940701,19950601,19950701
7,19940801,19950701,19950801
8,19940901,19950801,19950901
9,19941001,19950901,19951001
10,19941101,19951001,19951101
11,19941201,19951101,19951201
12,19950101,19951201,19960101
13,19950201,19960101,19960201
14,19950301,19960201,19960301
15,19950401,19960301,19960401
16,19950501,19960401,19960501
17,19950601,19960501,19960601
18,19950701,19960601,19960701
19,19950801,19960701,19960801
20,19950901,19960801,19960901
21,19951001,19960901,19961001
22,19951101,19961001,19961101
23,19951201,19961101,19961201
24,19960101,19961201,19970101
25,19960201,19970101,19970201
26,19960301,19970201,19970301
27,19960401,19970301,19970401
28,19960501,19970401,19970501
29,19960601,19970501,19970601
30,19960701,19970601,19970701
31,19960801,19970701,19970801
32,19960901,19970801,19970901
33,19961001,19970901,19971001
34,19961101,19971001,19971101
35,19961201,19971101,19971201
36,19970101,19971201,19980101
37,19970201,19980101,19980201
38,19970301,19980201,19980301
39,19970401,19980301,19980401
40,19970501,19980401,19980501
41,19970601,19980501,19980601
42,19970701,19980601,19980701
43,19970801,19980701,19980801
44,19970901,19980801,19980901
45,19971001,19980901,19981001
46,19971101,19981001,19981101
47,19971201,19981101,19981201
48,19980101,19981201,19990101
49,19980201,19990101,19990201
50,19980301,19990201,19990301
51,19980401,19990301,19990401
52,19980501,19990401,19990501
53,19980601,19990501,19990601
54,19980701,19990601,19990701
55,19980801,19990701,19990801
56,19980901,19990801,19990901
57,19981001,19990901,19991001
58,19981101,19991001,19991101
59,19981201,19991101,19991201
60,19990101,19991201,20000101
61,19990201,20000101,20000201
62,19990301,20000201,20000301
63,19990401,20000301,20000401
64,19990501,20000401,20000501
65,19990601,20000501,20000601
66,19990701,20000601,20000701
67,19990801,20000701,20000801
68,19990901,20000801,20000901
69,19991001,20000901,20001001
70,19991101,20001001,20001101
71,19991201,20001101,20001201
72,20000101,20001201,20010101
73,20000201,20010101,20010201
74,20000301,20010201,20010301
75,20000401,20010301,20010401
76,20000501,20010401,20010501
77,20000601,20010501,20010601
78,20000701,20010601,20010701
79,20000801,20010701,20010801
80,20000901,20010801,20010901
81,20001001,20010901,20011001
82,20001101,20011001,20011101
83,20001201,20011101,20011201
84,20010101,20011201,20020101
85,20010201,20020101,20020201
86,20010301,20020201,20020301
87,20010401,20020301,20020401
88,20010501,20020401,20020501
89,20010601,20020501,20020601
90,20010701,20020601,20020701
91,20010801,20020701,20020801
92,20010901,20020801,20020901
93,20011001,20020901,20021001
94,20011101,20021001,20021101
95,20011201,20021101,20021201
96,20020101,20021201,20030101
97,20020201,20030101,20030201
98,20020301,20030201,20030301
99,20020401,20030301,20030401
100,20020501,20030401,20030501
101,20020601,20030501,20030601
102,20020701,20030601,20030701
103,20020801,20030701,20030801
104,20020901,20030801,20030901
105,20021001,20030901,20031001
106,20021101,20031001,20031101
107,20021201,20031101,20031201
108,20030101,20031201,20040101
109,20030201,20040101,20040201
110,20030301,20040201,20040301
111,20030401,20040301,20040401
112,20030501,20040401,20040501
113,20030601,20040501,20040601
114,20030701,20040601,20040701
115,20030801,20040701,20040801
116,20030901,20040801,20040901
117,20031001,20040901,20041001
118,20031101,20041001,20041101
119,20031201,20041101,20041201
120,20040101,20041201,20050101
121,20040201,20050101,20050201
122,20040301,20050201,20050301
123,20040401,20050301,20050401
124,20040501,20050401,20050501
125,20040601,20050501,20050601
126,20040701,20050601,20050701
127,20040801,20050701,20050801
128,20040901,20050801,20050901
129,20041001,20050901,20051001
130,20041101,20051001,20051101
131,20041201,20051101,20051201
132,20050101,20051201,20060101
133,20050201,20060101,20060201
134,20050301,20060201,20060301
135,20050401,20060301,20060401
136,20050501,20060401,20060501
137,20050601,20060501,20060601
138,20050701,20060601,20060701
139,20050801,20060701,20060801
140,20050901,20060801,20060901
141,20051001,20060901,20061001
142,20051101,20061001,20061101
143,20051201,20061101,20061201
144,20060101,20061201,20070101
145,20060201,20070101,20070201
146,20060301,20070201,20070301
147,20060401,20070301,20070401
148,20060501,20070401,20070501
149,20060601,20070501,20070601
150,20060701,20070601,20070701
151,20060801,20070701,20070801
152,20060901,20070801,20070901
153,20061001,20070901,20071001
154,20061101,20071001,20071101
155,20061201,20071101,20071201
156,20070101,20071201,20080101
157,20070201,20080101,20080201
158,20070301,20080201,20080301
159,20070401,20080301,20080401
160,20070501,20080401,20080501
161,20070601,20080501,20080601
162,20070701,20080601,20080701
163,20070801,20080701,20080801
164,20070901,20080801,20080901
165,20071001,20080901,20081001
166,20071101,20081001,20081101
167,20071201,20081101,20081201
168,20080101,20081201,20090101
169,20080201,20090101,20090201
170,20080301,20090201,20090301
171,20080401,20090301,20090401
172,20080501,20090401,20090501
173,20080601,20090501,20090601
174,20080701,20090601,20090701
175,20080801,20090701,20090801
176,20080901,20090801,20090901
177,20081001,20090901,20091001
178,20081101,20091001,20091101
179,20081201,20091101,20091201
180,20090101,20091201,20100101
181,20090201,20100101,20100201
182,20090301,20100201,20100301
183,20090401,20100301,20100401
184,20090501,20100401,20100501
185,20090601,20100501,20100601
186,20090701,20100601,20100701
187,20090801,20100701,20100801
188,20090901,20100801,20100901
189,20091001,20100901,20101001
190,20091101,20101001,20101101
191,20091201,20101101,20101201
192,20100101,20101201,20110101
193,20100201,20110101,20110201
194,20100301,20110201,20110301
195,20100401,20110301,20110401
196,20100501,20110401,20110501
197,20100601,20110501,20110601
198,20100701,20110601,20110701
199,20100801,20110701,20110801
200,20100901,20110801,20110901
201,20101001,20110901,20111001
202,20101101,20111001,20111101
203,20101201,20111101,20111201
204,20110101,20111201,20120101
205,20110201,20120101,20120201
206,20110301,20120201,20120301
207,20110401,20120301,20120401
208,20110501,20120401,20120501
209,20110601,20120501,20120601
210,20110701,20120601,20120701
211,20110801,20120701,20120801
212,20110901,20120801,20120901
213,20111001,20120901,20121001
214,20111101,20121001,20121101
215,20111201,20121101,20121201
216,20120101,20121201,20130101
217,20120201,20130101,20130201
218,20120301,20130201,20130301
219,20120401,20130301,20130401
220,20120501,20130401,20130501
221,20120601,20130501,20130601
222,20120701,20130601,20130701
223,20120801,20130701,20130801
224,20120901,20130801,20130901
225,20121001,20130901,20131001
226,20121101,20131001,20131101
227,20121201,20131101,20131201
228,20130101,20131201,20140101
229,20130201,20140101,20140201
230,20130301,20140201,20140301
231,20130401,20140301,20140401
232,20130501,20140401,20140501
233,20130601,20140501,20140601
234,20130701,20140601,20140701
235,20130801,20140701,20140801
236,20130901,20140801,20140901
237,20131001,20140901,20141001
238,20131101,20141001,20141101
239,20131201,20141101,20141201
240,20140101,20141201,20150101
241,20140201,20150101,20150201
242,20140301,20150201,20150301
243,20140401,20150301,20150401
244,20140501,20150401,20150501
245,20140601,20150501,20150601
246,20140701,20150601,20150701
247,20140801,20150701,20150801
248,20140901,20150801,20150901
249,20141001,20150901,20151001
250,20141101,20151001,20151101
251,20141201,20151101,20151201
252,20150101,20151201,20160101
